ID,NAME,PHONE,EMAIL,AGE,GENDER
PAT-501,Anita,9876543201,anita@mail.com,30,F
PAT-502,Rahul,9876543202,rahul@mail.com,28,M
PAT-503,Kumar,9876543203,kumar@mail.com,45,M
PAT-504,Meena,9876543204,meena@mail.com,36,F
PAT-505,Arjun,9876543205,arjun@mail.com,25,M
PAT-506,Sneha,9876543206,sneha@mail.com,32,F
PAT-507,Vikram,9876543207,vikram@mail.com,41,M
PAT-508,Divya,9876543208,divya@mail.com,27,F
PAT-509,Ramesh,9876543209,ramesh@mail.com,50,M
PAT-510,Latha,9876543210,latha@mail.com,44,F
PAT-511,Sanjay,9876543211,sanjay@mail.com,38,M
PAT-512,Pooja,9876543212,pooja@mail.com,29,F
PAT-513,Amit,9876543213,amit@mail.com,35,M
PAT-514,Kavya,9876543214,kavya@mail.com,26,F
PAT-515,Deepak,9876543215,deepak@mail.com,48,M
PAT-516,Nisha,9876543216,nisha@mail.com,31,F
PAT-517,Manoj,9876543217,manoj@mail.com,40,M
PAT-518,Priya,9876543218,priya@mail.com,33,F
PAT-519,Suraj,9876543219,suraj@mail.com,37,M
PAT-520,Raj,9876543220,raj@mail.com,42,M
PAT-521,Anand,9876543221,anand@mail.com,39,M
PAT-522,Swetha,9876543222,swetha@mail.com,28,F
PAT-523,Aruna,9876543223,aruna@mail.com,34,F
PAT-524,Kiran,9876543224,kiran@mail.com,45,M
PAT-525,Varun,9876543225,varun@mail.com,29,M
PAT-526,Leela,9876543226,leela@mail.com,51,F
PAT-527,Harish,9876543227,harish@mail.com,38,M
PAT-528,Shyam,9876543228,shyam@mail.com,33,M
PAT-529,Asha,9876543229,asha@mail.com,41,F
PAT-530,Neha,9876543230,neha@mail.com,27,F
PAT-531,Vani,9876543231,vani@mail.com,46,F
PAT-532,Suresh,9876543232,suresh@mail.com,52,M
PAT-533,Mohan,9876543233,mohan@mail.com,48,M
PAT-534,Pavan,9876543234,pavan@mail.com,35,M
PAT-535,Radha,9876543235,radha@mail.com,39,F
PAT-536,Chitra,9876543236,chitra@mail.com,44,F
PAT-537,Gopal,9876543237,gopal@mail.com,50,M
PAT-538,Bala,9876543238,bala@mail.com,43,M
PAT-539,Geeta,9876543239,geeta@mail.com,36,F
PAT-540,Prakash,9876543240,prakash@mail.com,47,M
PAT-541,Rekha,9876543241,rekha@mail.com,31,F
PAT-542,Ajay,9876543242,ajay@mail.com,28,M
PAT-543,Karthik,9876543243,karthik@mail.com,34,M
PAT-544,Sunita,9876543244,sunita@mail.com,42,F
PAT-545,Sarita,9876543245,sarita@mail.com,40,F
PAT-546,Pradeep,9876543246,pradeep@mail.com,38,M
PAT-547,Dev,9876543247,dev@mail.com,33,M
PAT-548,Seema,9876543248,seema@mail.com,29,F
PAT-549,Ritu,9876543249,ritu@mail.com,37,F
PAT-550,Aryan,9876543250,aryan@mail.com,26,M